,link,title
0,https://service.elsevier.com/app/answers/detail/a_id/5992/supporthub/publishing/,When can I expect a decision from the Editor?
1,https://service.elsevier.com/app/answers/detail/a_id/12237/supporthub/publishing/,What does the status of my submission mean in EVISE?
2,https://service.elsevier.com/app/answers/detail/a_id/20720/supporthub/publishing/,How do I clear only specific cookies?
3,https://service.elsevier.com/app/answers/detail/a_id/13716/supporthub/publishing/,What can I do if I'm having trouble signing in to EVISE?
4,https://service.elsevier.com/app/answers/detail/a_id/22439/supporthub/publishing/,"Editor Quick Guides to Editorial Manager, EES and EVISE"
5,https://service.elsevier.com/app/answers/detail/a_id/28527/supporthub/publishing/,Editor Quick Guide to Editorial Manager
6,https://service.elsevier.com/app/answers/detail/a_id/5958/supporthub/publishing/,How can I submit my review in EES?
7,https://service.elsevier.com/app/answers/detail/a_id/4335/supporthub/publishing/,How do I submit a review and send my comments in EVISE?
8,https://service.elsevier.com/app/answers/detail/a_id/29789/supporthub/publishing/,Publishing Journey videos: How do I complete the Rights and Access form?
9,https://service.elsevier.com/app/answers/detail/a_id/7436/supporthub/publishing/,The Elsevier account
10,https://service.elsevier.com/app/answers/detail/a_id/286/supporthub/publishing/,"What are Conflict of Interest Statements, Funding Source Declarations, Author Agreements/Declarations and Permission Notes?"
11,https://service.elsevier.com/app/answers/detail/a_id/5971/supporthub/publishing/,What does the status of my submission mean in Editorial Manager or EES?
12,https://service.elsevier.com/app/answers/detail/a_id/28452/supporthub/publishing/,What can I do if I'm having trouble signing in to Editorial Manager?
13,https://service.elsevier.com/app/answers/detail/a_id/6007/supporthub/publishing/,When and how will I receive the proofs of my article?
14,https://service.elsevier.com/app/answers/detail/a_id/5959/supporthub/publishing/,How can I approve my submission?
15,https://service.elsevier.com/app/answers/detail/a_id/8000/supporthub/publishing/,How do I find and access my submission system?
16,https://service.elsevier.com/app/answers/detail/a_id/8238/supporthub/publishing/,How can I propose or oppose a reviewer in EES?
17,https://service.elsevier.com/app/answers/detail/a_id/6026/supporthub/publishing/,What should I do if my file upload fails?
18,https://service.elsevier.com/app/answers/detail/a_id/28947/supporthub/publishing/,How do I sign in to Editorial Manager?
19,https://service.elsevier.com/app/answers/detail/a_id/14504/supporthub/publishing/,Why am I being told my browser is out of date?
20,https://service.elsevier.com/app/answers/detail/a_id/13535/supporthub/publishing/,How can I track my accepted article?
21,https://service.elsevier.com/app/answers/detail/a_id/28460/supporthub/publishing/,What is Editorial Manager Co-Author verification?
22,https://service.elsevier.com/app/answers/detail/a_id/26714/supporthub/publishing/,What can I do if I'm having trouble signing in to EES?
23,https://service.elsevier.com/app/answers/detail/a_id/11519/supporthub/publishing/,How do I get 30 days free access to Scopus and ScienceDirect in EVISE as a reviewer?
24,https://service.elsevier.com/app/answers/detail/a_id/4340/supporthub/publishing/,How do I sign in to EVISE?
25,https://service.elsevier.com/app/answers/detail/a_id/14156/supporthub/publishing/,Are reviews confidential?
26,https://service.elsevier.com/app/answers/detail/a_id/6073/supporthub/publishing/,How do I consolidate multiple EES accounts?
27,https://service.elsevier.com/app/answers/detail/a_id/5960/supporthub/publishing/,How can I revise my submission in EES?
28,https://service.elsevier.com/app/answers/detail/a_id/12102/supporthub/publishing/,"What is the difference between an EES unconsolidated account, a consolidated profile and an Elsevier account?"
29,https://service.elsevier.com/app/answers/detail/a_id/9134/supporthub/publishing/,What are the EES and EVISE Retention Policies?
30,https://service.elsevier.com/app/answers/detail/a_id/26093/supporthub/publishing/,How do I remove reference manager field codes?
31,https://service.elsevier.com/app/answers/detail/a_id/258/supporthub/publishing/,How do I submit a Response to Technical Check?
32,https://service.elsevier.com/app/answers/detail/a_id/5968/supporthub/publishing/,"How can I reset a forgotten password for the editorial submission systems Editorial Manager, EES, or EVISE?"
33,https://service.elsevier.com/app/answers/detail/a_id/8408/supporthub/publishing/,What is ORCID?
34,https://service.elsevier.com/app/answers/detail/a_id/28463/supporthub/publishing/,How do I revise my submission in Editorial Manager?
35,https://service.elsevier.com/app/answers/detail/a_id/28469/supporthub/publishing/,What should I do if my organization (i.e. affiliation or funder) is not found when I am requested to add this information when completing the Rights and Access form or during submission of my article?
36,https://service.elsevier.com/app/answers/detail/a_id/4395/supporthub/publishing/,"Which browsers work best with the submission systems Editorial Manager, EES, and EVISE?"
37,https://service.elsevier.com/app/answers/detail/a_id/14652/supporthub/publishing/,What is the EVISE co-author service?
38,https://service.elsevier.com/app/answers/detail/a_id/5981/supporthub/publishing/,When will my article be published?
39,https://service.elsevier.com/app/answers/detail/a_id/8366/supporthub/publishing/,How can I submit my manuscript to EES?
40,https://service.elsevier.com/app/answers/detail/a_id/29155/supporthub/publishing/,How can I track the status of my submitted article in an editorial system?
41,https://service.elsevier.com/app/answers/detail/a_id/24234/supporthub/publishing/,What can I do if I have Elsevier Profiles registered to different email addresses?
42,https://service.elsevier.com/app/answers/detail/a_id/6986/supporthub/publishing/,How do I ensure that emails aren't blocked by spam filters?
43,https://service.elsevier.com/app/answers/detail/a_id/28465/supporthub/publishing/,How can I submit my review in Editorial Manager?
44,https://service.elsevier.com/app/answers/detail/a_id/28524/supporthub/publishing/,How do I respond to an invitation to review in Editorial Manager?
45,https://service.elsevier.com/app/answers/detail/a_id/10402/supporthub/publishing/,What file formats are supported by EVISE?
46,https://service.elsevier.com/app/answers/detail/a_id/155/supporthub/publishing/,What should be included in a cover letter?
47,https://service.elsevier.com/app/answers/detail/a_id/4342/supporthub/publishing/,How do I create an EVISE account?
48,https://service.elsevier.com/app/answers/detail/a_id/5989/supporthub/publishing/,How do I find reviewers in my submission system?
49,https://service.elsevier.com/app/answers/detail/a_id/6029/supporthub/publishing/,Which journal should I publish in?
50,https://service.elsevier.com/app/answers/detail/a_id/28461/supporthub/publishing/,How do I submit a manuscript in Editorial Manager?
51,https://service.elsevier.com/app/answers/detail/a_id/7159/supporthub/publishing/,How do I add my Elsevier account to my EES account?
52,https://service.elsevier.com/app/answers/detail/a_id/10821/supporthub/publishing/,How to contact us on Journal Article Publishing
53,https://service.elsevier.com/app/answers/detail/a_id/6011/supporthub/publishing/,Can I make a correction to my typeset article after I have returned my proofs?
54,https://service.elsevier.com/app/answers/detail/a_id/7847/supporthub/publishing/,Editor Training
55,https://service.elsevier.com/app/answers/detail/a_id/28311/supporthub/publishing/,What is my Elsevier Reviews Profile on the Reviewer Recognition Platform?
56,https://service.elsevier.com/app/answers/detail/a_id/14801/supporthub/publishing/,How can I pay for my Elsevier invoice?
57,https://service.elsevier.com/app/answers/detail/a_id/5967/supporthub/publishing/,How can I submit my corrections?
58,https://service.elsevier.com/app/answers/detail/a_id/28457/supporthub/publishing/,How do I change my personal information in Editorial Manager?
59,https://service.elsevier.com/app/answers/detail/a_id/28946/supporthub/publishing/,What is the difference between an Editorial Manager account and an Elsevier account?
60,https://service.elsevier.com/app/answers/detail/a_id/6497/supporthub/publishing/,What are the requirements for my supplementary material?
61,https://service.elsevier.com/app/answers/detail/a_id/4336/supporthub/publishing/,How do I respond to an invitation to review in EVISE?
62,https://service.elsevier.com/app/answers/detail/a_id/23080/supporthub/publishing/,Error messages in EVISE
63,https://service.elsevier.com/app/answers/detail/a_id/6008/supporthub/publishing/,Where can I find the proofs of my article?
64,https://service.elsevier.com/app/answers/detail/a_id/5991/supporthub/publishing/,Could you extend the due date of my revision?
65,https://service.elsevier.com/app/answers/detail/a_id/26152/supporthub/publishing/,How can I retrieve my existing password from my browser?
66,https://service.elsevier.com/app/answers/detail/a_id/5955/supporthub/publishing/,Is there a template available for my manuscript file?
67,https://service.elsevier.com/app/answers/detail/a_id/27771/supporthub/publishing/,How do I find the manuscript I submitted to an Elsevier journal?
68,https://service.elsevier.com/app/answers/detail/a_id/5996/supporthub/publishing/,What happens after my manuscript is accepted?
69,https://service.elsevier.com/app/answers/detail/a_id/5972/supporthub/publishing/,What does it cost to publish gold open access?
70,https://service.elsevier.com/app/answers/detail/a_id/29385/supporthub/publishing/,Reviewer Recommender in Editorial Manager
71,https://service.elsevier.com/app/answers/detail/a_id/9635/supporthub/publishing/,What to do if my equations aren’t displaying correctly in EES?
72,https://service.elsevier.com/app/answers/detail/a_id/8371/supporthub/publishing/,How do I know which submission system I am using?
73,https://service.elsevier.com/app/answers/detail/a_id/6027/supporthub/publishing/,What should I do if EES doesn’t build a correct PDF?
74,https://service.elsevier.com/app/answers/detail/a_id/22437/supporthub/publishing/,Editor Quick Guide to EES
75,https://service.elsevier.com/app/answers/detail/a_id/8582/supporthub/publishing/,How do I enable pop-ups on my web browser?
76,https://service.elsevier.com/app/answers/detail/a_id/8380/supporthub/publishing/,How can I submit my manuscript to EVISE?
77,https://service.elsevier.com/app/answers/detail/a_id/8080/supporthub/publishing/,How can I change the Corresponding Author of my manuscript in EES?
78,https://service.elsevier.com/app/answers/detail/a_id/4343/supporthub/publishing/,How do I send an email in EVISE?
79,https://service.elsevier.com/app/answers/detail/a_id/5405/supporthub/publishing/,How do I send reviewer invitations?
80,https://service.elsevier.com/app/answers/detail/a_id/6009/supporthub/publishing/,Will I get to check my proofs again?
81,https://service.elsevier.com/app/answers/detail/a_id/13740/supporthub/publishing/,How does the Article Transfer Service work for reviewers?
82,https://service.elsevier.com/app/answers/detail/a_id/27770/supporthub/publishing/,How do I find a submission I was invited to review in EVISE?
83,https://service.elsevier.com/app/answers/detail/a_id/13551/supporthub/publishing/,How can I revise my submission in EVISE?
84,https://service.elsevier.com/app/answers/detail/a_id/5998/supporthub/publishing/,How can I pay my gold open access fee?
85,https://service.elsevier.com/app/answers/detail/a_id/5975/supporthub/publishing/,Which user license should I choose?
86,https://service.elsevier.com/app/answers/detail/a_id/12937/supporthub/publishing/,How can I get permission to reproduce or re-use Elsevier content?
87,https://service.elsevier.com/app/answers/detail/a_id/28468/supporthub/publishing/,How do I find a submission I was invited to review in Editorial Manager?
88,https://service.elsevier.com/app/answers/detail/a_id/5954/supporthub/publishing/,How can I submit my LaTeX manuscript to EES?
89,https://service.elsevier.com/app/answers/detail/a_id/6014/supporthub/publishing/,How will I receive the Editor’s decision in EES?
90,https://service.elsevier.com/app/answers/detail/a_id/6020/supporthub/publishing/,What should I do if my invoice is incorrect?
91,https://service.elsevier.com/app/answers/detail/a_id/14202/supporthub/publishing/,Editor Quick Guide to EVISE
92,https://service.elsevier.com/app/answers/detail/a_id/6010/supporthub/publishing/,How does the Article Transfer Service work for authors?
93,https://service.elsevier.com/app/answers/detail/a_id/6004/supporthub/publishing/,How can I change my Scopus author profile?
94,https://service.elsevier.com/app/answers/detail/a_id/14284/supporthub/publishing/,How can I claim my reviewer certificate?
95,https://service.elsevier.com/app/answers/detail/a_id/27777/supporthub/publishing/,How do I make changes after I have submitted an article?
96,https://service.elsevier.com/app/answers/detail/a_id/5976/supporthub/publishing/,Can I submit corrections from multiple authors?
97,https://service.elsevier.com/app/answers/detail/a_id/5978/supporthub/publishing/,How do I change my profile information in EES?
98,https://service.elsevier.com/app/answers/detail/a_id/5973/supporthub/publishing/,What is Elsevier's waiver policy for open access fees?
99,https://service.elsevier.com/app/answers/detail/a_id/28458/supporthub/publishing/,How do I make a decision in Editorial Manager?
100,https://service.elsevier.com/app/answers/detail/a_id/13973/supporthub/publishing/,How do I add comments for a submission in EVISE where I am the Handling Editor?
101,https://service.elsevier.com/app/answers/detail/a_id/8601/supporthub/publishing/,Why should I integrate my submission system account with ORCID?
102,https://service.elsevier.com/app/answers/detail/a_id/5990/supporthub/publishing/,Where do I find the Impact Factor of a journal?
103,https://service.elsevier.com/app/answers/detail/a_id/26733/supporthub/publishing/,How do I submit a journal proposal?
104,https://service.elsevier.com/app/answers/detail/a_id/6002/supporthub/publishing/,Will I receive offprints of my published article or do I have to order these?
105,https://service.elsevier.com/app/answers/detail/a_id/5970/supporthub/publishing/,How do I correct my formulae?
106,https://service.elsevier.com/app/answers/detail/a_id/28224/supporthub/publishing/,How should I prepare the references in my manuscript?
107,https://service.elsevier.com/app/answers/detail/a_id/5957/supporthub/publishing/,Which open access options are available?
108,https://service.elsevier.com/app/answers/detail/a_id/29315/supporthub/publishing/,What are user roles in Editorial Manager and EES?
109,https://service.elsevier.com/app/answers/detail/a_id/10700/supporthub/publishing/,How do I include Highlights with my manuscript?
110,https://service.elsevier.com/app/answers/detail/a_id/5985/supporthub/publishing/,What should I do if I don't want to address the reviewers' comments?
111,https://service.elsevier.com/app/answers/detail/a_id/4551/supporthub/publishing/,EVISE e-learning
112,https://service.elsevier.com/app/answers/detail/a_id/8602/supporthub/publishing/,How do I link or unlink my ORCID to my profile?
113,https://service.elsevier.com/app/answers/detail/a_id/14864/supporthub/publishing/,"When will I receive my color charges, offprints or open access invoice?"
114,https://service.elsevier.com/app/answers/detail/a_id/14329/supporthub/publishing/,How do I update my email address in EVISE?
115,https://service.elsevier.com/app/answers/detail/a_id/28462/supporthub/publishing/,How can I change the Corresponding Author of my manuscript in Editorial Manager?
116,https://service.elsevier.com/app/answers/detail/a_id/5947/supporthub/publishing/,Can you check if my manuscript is suitable for submission?
117,https://service.elsevier.com/app/answers/detail/a_id/29000/supporthub/publishing/,Proof Central Video Tutorials
118,https://service.elsevier.com/app/answers/detail/a_id/6013/supporthub/publishing/,How can I withdraw my manuscript in EES?
119,https://service.elsevier.com/app/answers/detail/a_id/10707/supporthub/publishing/,Is there a submission checklist I can use?
120,https://service.elsevier.com/app/answers/detail/a_id/5994/supporthub/publishing/,Where can I find the reviewers' comments in EES?
121,https://service.elsevier.com/app/answers/detail/a_id/15615/supporthub/publishing/,Article Tracking for Editors
122,https://service.elsevier.com/app/answers/detail/a_id/28949/supporthub/publishing/,How do I link my Elsevier account to my Editorial Manager account?
123,https://service.elsevier.com/app/answers/detail/a_id/26092/supporthub/publishing/,Which EVISE file types are available to reviewers?
124,https://service.elsevier.com/app/answers/detail/a_id/29499/supporthub/publishing/,Editorial Manager Video Guides
125,https://service.elsevier.com/app/answers/detail/a_id/7644/supporthub/publishing/,Why do I need to change my EVISE password?
126,https://service.elsevier.com/app/answers/detail/a_id/4451/supporthub/publishing/,"Editor Home page, Editorial Overview & Manuscript Overview in EVISE"
127,https://service.elsevier.com/app/answers/detail/a_id/26095/supporthub/publishing/,How do I clear only my browser cache?
128,https://service.elsevier.com/app/answers/detail/a_id/28523/supporthub/publishing/,What can I do if I have Editorial Manager profiles registered to different email addresses?
129,https://service.elsevier.com/app/answers/detail/a_id/11977/supporthub/publishing/,What is the Article Transfer Service (ATS)?
130,https://service.elsevier.com/app/answers/detail/a_id/10665/supporthub/publishing/,How do I cancel my request to make my article Open Access?
131,https://service.elsevier.com/app/answers/detail/a_id/5431/supporthub/publishing/,Can I change the corresponding author during submission or revision in EVISE?
132,https://service.elsevier.com/app/answers/detail/a_id/5433/supporthub/publishing/,How do I upload an archive file during submission in EVISE?
133,https://service.elsevier.com/app/answers/detail/a_id/28467/supporthub/publishing/,How do I send an email about my submission?
134,https://service.elsevier.com/app/answers/detail/a_id/29306/supporthub/publishing/,Tutorial text: How to edit tables in Proof Central
135,https://service.elsevier.com/app/answers/detail/a_id/28466/supporthub/publishing/,How can I withdraw my manuscript in Editorial Manager?
136,https://service.elsevier.com/app/answers/detail/a_id/13565/supporthub/publishing/,How do I become a reviewer for an Elsevier journal?
137,https://service.elsevier.com/app/answers/detail/a_id/5977/supporthub/publishing/,Can I contest the Editor's decision?
138,https://service.elsevier.com/app/answers/detail/a_id/8133/supporthub/publishing/,How do I make a decision in EES?
139,https://service.elsevier.com/app/answers/detail/a_id/10396/supporthub/publishing/,What can I do if there is an error in my article on PubMed?
140,https://service.elsevier.com/app/answers/detail/a_id/10397/supporthub/publishing/,What is the difference between PubMed and PubMed Central?
141,https://service.elsevier.com/app/answers/detail/a_id/6911/supporthub/publishing/,Where can I find the submission site for a journal?
142,https://service.elsevier.com/app/answers/detail/a_id/5997/supporthub/publishing/,Can I still make my article open access if my article is already published?
143,https://service.elsevier.com/app/answers/detail/a_id/28162/supporthub/publishing/,What are the requirements for double-blind peer review?
144,https://service.elsevier.com/app/answers/detail/a_id/26014/supporthub/publishing/,What is EES co-author registration?
145,https://service.elsevier.com/app/answers/detail/a_id/6006/supporthub/publishing/,Will Elsevier post my article to PubMed Central?
146,https://service.elsevier.com/app/answers/detail/a_id/221/supporthub/publishing/,How do I provide you with my VAT/GST/CST registration number?
147,https://service.elsevier.com/app/answers/detail/a_id/27778/supporthub/publishing/,How do I withdraw a submission from EVISE?
148,https://service.elsevier.com/app/answers/detail/a_id/27736/supporthub/publishing/,Editor Guide to CrossCheck plagiarism reports
149,https://service.elsevier.com/app/answers/detail/a_id/28959/supporthub/publishing/,How do I complete the payment details page of the Rights and Access form when ordering Gold Open Access?
150,https://service.elsevier.com/app/answers/detail/a_id/16476/supporthub/publishing/,EVISE Author Introduction
151,https://service.elsevier.com/app/answers/detail/a_id/29305/supporthub/publishing/,Tutorial text: Proof Central quick walk-through
152,https://service.elsevier.com/app/answers/detail/a_id/6012/supporthub/publishing/,How can I access comments from the Editor and reviewers in EES?
153,https://service.elsevier.com/app/answers/detail/a_id/9931/supporthub/publishing/,Why am I seeing a blank page when I try to access EVISE?
154,https://service.elsevier.com/app/answers/detail/a_id/5979/supporthub/publishing/,Can I see other reviewer's comments?
155,https://service.elsevier.com/app/answers/detail/a_id/4452/supporthub/publishing/,How does an Editor view a submission's history?
156,https://service.elsevier.com/app/answers/detail/a_id/4078/supporthub/publishing/,How do I make a decision in EVISE?
157,https://service.elsevier.com/app/answers/detail/a_id/5988/supporthub/publishing/,How does Share Link work?
158,https://service.elsevier.com/app/answers/detail/a_id/29500/supporthub/publishing/,Video Guide: Discussion Forum in Editorial Manager
159,https://service.elsevier.com/app/answers/detail/a_id/6001/supporthub/publishing/,When will my article be made gold open access?
160,https://service.elsevier.com/app/answers/detail/a_id/11947/supporthub/publishing/,How do Editors view and edit Reviewer comments in EVISE?
161,https://service.elsevier.com/app/answers/detail/a_id/29194/supporthub/publishing/,What can I do if I'm using JournalFinder and cannot see the journals displayed on the screen
162,https://service.elsevier.com/app/answers/detail/a_id/5982/supporthub/publishing/,How can I share my article?
163,https://service.elsevier.com/app/answers/detail/a_id/5986/supporthub/publishing/,How should I cite my article?
164,https://service.elsevier.com/app/answers/detail/a_id/6782/supporthub/publishing/,What should I do when I experience issues with EES in my web browser?
165,https://service.elsevier.com/app/answers/detail/a_id/15778/supporthub/publishing/,How do I complete my submission after it has been transferred from EES to EVISE?
166,https://service.elsevier.com/app/answers/detail/a_id/10703/supporthub/publishing/,How do I send email reminders to Reviewers in EES or Editorial Manager?
167,https://service.elsevier.com/app/answers/detail/a_id/15772/supporthub/publishing/,How do I handle submissions that have been transferred from EES to EVISE?
168,https://service.elsevier.com/app/answers/detail/a_id/11967/supporthub/publishing/,How can an Editor search for submissions or people?
169,https://service.elsevier.com/app/answers/detail/a_id/5993/supporthub/publishing/,Why was my article not accepted?
170,https://service.elsevier.com/app/answers/detail/a_id/5966/supporthub/publishing/,What should I do if I have accepted my review task but I can’t complete it?
171,https://service.elsevier.com/app/answers/detail/a_id/5969/supporthub/publishing/,How can I suggest other reviewers when declining an invitation?
172,https://service.elsevier.com/app/answers/detail/a_id/8603/supporthub/publishing/,How do I link my manuscript to ORCID as a co-author?
173,https://service.elsevier.com/app/answers/detail/a_id/14311/supporthub/publishing/,How can I submit my research dataset along with an Elsevier article?
174,https://service.elsevier.com/app/answers/detail/a_id/14807/supporthub/publishing/,What are Crown Copyright and Open Government Licenses (OGL)?
175,https://service.elsevier.com/app/answers/detail/a_id/27796/supporthub/publishing/,How do Editors reject an EVISE submission and offer transfer to another journal (ATS)?
176,https://service.elsevier.com/app/answers/detail/a_id/29308/supporthub/publishing/,Video tutorial: How to edit tables in Proof Central
177,https://service.elsevier.com/app/answers/detail/a_id/12637/supporthub/publishing/,Why can't I see Open Access options on the Rights and Access form?
178,https://service.elsevier.com/app/answers/detail/a_id/11030/supporthub/publishing/,How do I respond to an invitation to review in EES?
179,https://service.elsevier.com/app/answers/detail/a_id/5965/supporthub/publishing/,How do I uninvite reviewers?
180,https://service.elsevier.com/app/answers/detail/a_id/13569/supporthub/publishing/,"How can I request a refund for Open Access, color figures or offprints?"
181,https://service.elsevier.com/app/answers/detail/a_id/5949/supporthub/publishing/,In which languages can I submit my manuscript?
182,https://service.elsevier.com/app/answers/detail/a_id/28695/supporthub/publishing/,How can an editor manage user records in Editorial Manager and EES?
183,https://service.elsevier.com/app/answers/detail/a_id/12605/supporthub/publishing/,How can I see my assignment in EVISE?
184,https://service.elsevier.com/app/answers/detail/a_id/12656/supporthub/publishing/,Can I request a split invoice for two institutions when ordering Open Access?
185,https://service.elsevier.com/app/answers/detail/a_id/12121/supporthub/publishing/,What reports are available in EVISE?
186,https://service.elsevier.com/app/answers/detail/a_id/5948/supporthub/publishing/,How do I find out if my journal complies with the policies of my funding body?
187,https://service.elsevier.com/app/answers/detail/a_id/27907/supporthub/publishing/,Will I get recognition for completing a review?
188,https://service.elsevier.com/app/answers/detail/a_id/6000/supporthub/publishing/,When will my article be indexed in Scopus?
189,https://service.elsevier.com/app/answers/detail/a_id/14312/supporthub/publishing/,Can I make changes to my dataset after submitting or publication?
190,https://service.elsevier.com/app/answers/detail/a_id/14795/supporthub/publishing/,How do I perform a task on behalf of another user using the Support Role in EVISE?
191,https://service.elsevier.com/app/answers/detail/a_id/29189/supporthub/publishing/,How do I use the Editor Discussion Forum feature in Editorial Manager?
192,https://service.elsevier.com/app/answers/detail/a_id/11998/supporthub/publishing/,What can I do if line numbering displays incorrectly in my submission PDF?
193,https://service.elsevier.com/app/answers/detail/a_id/14290/supporthub/publishing/,What rights do I retain as a journal author?
194,https://service.elsevier.com/app/answers/detail/a_id/11963/supporthub/publishing/,How do I submit a proposal for a Special Issue?
195,https://service.elsevier.com/app/answers/detail/a_id/5983/supporthub/publishing/,How can I promote my article?
196,https://service.elsevier.com/app/answers/detail/a_id/28525/supporthub/publishing/,How do I solicit commentary to invite an author to respond to another submission?
197,https://service.elsevier.com/app/answers/detail/a_id/11949/supporthub/publishing/,How do I view an Author’s response to Reviewer comments on a revised submission in EVISE?
198,https://service.elsevier.com/app/answers/detail/a_id/28699/supporthub/publishing/,How can Editorial Manager help prevent Duplicate Submissions?
199,https://service.elsevier.com/app/answers/detail/a_id/16479/supporthub/publishing/,EVISE Reviewer Introduction
200,https://service.elsevier.com/app/answers/detail/a_id/7161/supporthub/publishing/,Will my Elsevier account grant me full access to services like Science Direct and Scopus?
201,https://service.elsevier.com/app/answers/detail/a_id/5995/supporthub/publishing/,How can I change my Editor decision in EES?
202,https://service.elsevier.com/app/answers/detail/a_id/27661/supporthub/publishing/,What should I do if I will be changing institution or email address?
203,https://service.elsevier.com/app/answers/detail/a_id/29307/supporthub/publishing/,Tutorial text: How to edit equations in Proof Central
204,https://service.elsevier.com/app/answers/detail/a_id/28173/supporthub/publishing/,What is the Reviewer Recognition Platform?
205,https://service.elsevier.com/app/answers/detail/a_id/9538/supporthub/publishing/,National Institute of Health US (NIH)
206,https://service.elsevier.com/app/answers/detail/a_id/5984/supporthub/publishing/,Could you extend the due date of my review?
207,https://service.elsevier.com/app/answers/detail/a_id/15580/supporthub/publishing/,How do I link data to my submission in EVISE?
208,https://service.elsevier.com/app/answers/detail/a_id/6003/supporthub/publishing/,How can I access Scopus?
209,https://service.elsevier.com/app/answers/detail/a_id/10398/supporthub/publishing/,Will Elsevier Post my article to PubMed?
210,https://service.elsevier.com/app/answers/detail/a_id/12010/supporthub/publishing/,How do I review a submission for which I am the handling Editor in EVISE?
211,https://service.elsevier.com/app/answers/detail/a_id/6015/supporthub/publishing/,How can I assign a manuscript to another Editor in EES?
212,https://service.elsevier.com/app/answers/detail/a_id/11428/supporthub/publishing/,How do Editors edit a submission in EVISE?
213,https://service.elsevier.com/app/answers/detail/a_id/28464/supporthub/publishing/,How does an Editor Initiate Rebuttal to reopen a submission?
214,https://service.elsevier.com/app/answers/detail/a_id/28526/supporthub/publishing/,How do I invite authors to submit in Editorial Manager and EES?
215,https://service.elsevier.com/app/answers/detail/a_id/10265/supporthub/publishing/,Why is my view limited on the ‘Manuscript Overview’ page?
216,https://service.elsevier.com/app/answers/detail/a_id/13548/supporthub/publishing/,Am I eligible for the VSNU funding?
217,https://service.elsevier.com/app/answers/detail/a_id/13561/supporthub/publishing/,How do I include a video with my submission?
218,https://service.elsevier.com/app/answers/detail/a_id/11982/supporthub/publishing/,What roles are there in EVISE?
219,https://service.elsevier.com/app/answers/detail/a_id/29190/supporthub/publishing/,How do I participate in a discussion forum to which I was invited?
220,https://service.elsevier.com/app/answers/detail/a_id/28530/supporthub/publishing/,How do Editors edit a submission in Editorial Manager?
221,https://service.elsevier.com/app/answers/detail/a_id/14455/supporthub/publishing/,What can be customized for my journals in EVISE?
222,https://service.elsevier.com/app/answers/detail/a_id/28705/supporthub/publishing/,How can an Editor manage groups of linked submissions?
223,https://service.elsevier.com/app/answers/detail/a_id/28459/supporthub/publishing/,How does an Editor change a Decision in Editorial Manager?
224,https://service.elsevier.com/app/answers/detail/a_id/14313/supporthub/publishing/,What are the benefits of submitting research data with an article?
225,https://service.elsevier.com/app/answers/detail/a_id/11953/supporthub/publishing/,How do I invite Reviewers to review a revised submission in EVISE?
226,https://service.elsevier.com/app/answers/detail/a_id/29309/supporthub/publishing/,Video tutorial: How to edit equations in Proof Central
227,https://service.elsevier.com/app/answers/detail/a_id/25760/supporthub/publishing/,How do I use the new Editor to do List in EVISE?
228,https://service.elsevier.com/app/answers/detail/a_id/11971/supporthub/publishing/,How does an Editor invite a submission from an Author in EVISE?
229,https://service.elsevier.com/app/answers/detail/a_id/29220/supporthub/publishing/,How can I view past correspondence?
230,https://service.elsevier.com/app/answers/detail/a_id/11987/supporthub/publishing/,What Special Issue workflows are supported in EVISE?
231,https://service.elsevier.com/app/answers/detail/a_id/26720/supporthub/publishing/,How do I handle copy-editing assignments in EVISE?
232,https://service.elsevier.com/app/answers/detail/a_id/5999/supporthub/publishing/,How can I indicate funding I received if I want to publish gold open access?
233,https://service.elsevier.com/app/answers/detail/a_id/11933/supporthub/publishing/,How can users select or change Taxonomy topics in their EVISE profile?
234,https://service.elsevier.com/app/answers/detail/a_id/9944/supporthub/publishing/,Can I use Mol files and InChI keys in my submission?
235,https://service.elsevier.com/app/answers/detail/a_id/27752/supporthub/publishing/,What can I do if am having problems in signing in to Article Publication Services?
236,https://service.elsevier.com/app/answers/detail/a_id/11956/supporthub/publishing/,How do I assign or reassign a paper to another Editor in EVISE?
237,https://service.elsevier.com/app/answers/detail/a_id/11980/supporthub/publishing/,What is the Guest Editor role for Special Issues?
238,https://service.elsevier.com/app/answers/detail/a_id/27908/supporthub/publishing/,What does the role of a reviewer involve?
239,https://service.elsevier.com/app/answers/detail/a_id/14315/supporthub/publishing/,When will my dataset be made available online?
240,https://service.elsevier.com/app/answers/detail/a_id/29224/supporthub/publishing/,What is the Artwork Quality Check (AQC)?
241,https://service.elsevier.com/app/answers/detail/a_id/14291/supporthub/publishing/,How do I customize the column display in EVISE?
242,https://service.elsevier.com/app/answers/detail/a_id/6181/supporthub/publishing/,How can I change my Scopus user account?
243,https://service.elsevier.com/app/answers/detail/a_id/18065/supporthub/publishing/,How do I extend the due date of my review in EVISE?
244,https://service.elsevier.com/app/answers/detail/a_id/14316/supporthub/publishing/,Which license should I select when posting my research data?
245,https://service.elsevier.com/app/answers/detail/a_id/27906/supporthub/publishing/,Where can I get advice on composing and structuring my review?
246,https://service.elsevier.com/app/answers/detail/a_id/29510/supporthub/publishing/,Why does Editorial Manager require me to reset my password for the Elsevier Account?
247,https://service.elsevier.com/app/answers/detail/a_id/5408/supporthub/publishing/,How do I change the number of reviews required for a submission in EVISE?
248,https://service.elsevier.com/app/answers/detail/a_id/27909/supporthub/publishing/,How do I handle data visualizations as a reviewer?
249,https://service.elsevier.com/app/answers/detail/a_id/13439/supporthub/publishing/,How can I add Notes to a Reviewer's details?
250,https://service.elsevier.com/app/answers/detail/a_id/15227/supporthub/publishing/,Why am I seeing 'Bounce Alert' next to a reviewer’s name?
251,https://service.elsevier.com/app/answers/detail/a_id/29894/supporthub/publishing/,How can I make changes to a completed review in Editorial Manager?
252,https://service.elsevier.com/app/answers/detail/a_id/29503/supporthub/publishing/,Video Guide: Making a decision in Editorial Manager
253,https://service.elsevier.com/app/answers/detail/a_id/25759/supporthub/publishing/,How do I use the new Journal Reviewer List in EVISE?
254,https://service.elsevier.com/app/answers/detail/a_id/5432/supporthub/publishing/,How do I create my own customized decision letters in EVISE?
255,https://service.elsevier.com/app/answers/detail/a_id/26715/supporthub/publishing/,How do I invite an author to submit a response to another submission in EVISE?
256,https://service.elsevier.com/app/answers/detail/a_id/29225/supporthub/publishing/,How can an Editor be blinded from seeing a certain submission?
257,https://service.elsevier.com/app/answers/detail/a_id/5410/supporthub/publishing/,How do I send a manual reminder to a reviewer in EVISE?
258,https://service.elsevier.com/app/answers/detail/a_id/26696/supporthub/publishing/,How does the Invited Editor workflow with two levels of editors work in EVISE?
259,https://service.elsevier.com/app/answers/detail/a_id/26706/supporthub/publishing/,What can I do if I want to stop being invited to review for Elsevier Journals?
260,https://service.elsevier.com/app/answers/detail/a_id/11941/supporthub/publishing/,How do I select Taxonomy topics for my submission?
261,https://service.elsevier.com/app/answers/detail/a_id/24250/supporthub/publishing/,How does an Editor change a Decision in EVISE?
262,https://service.elsevier.com/app/answers/detail/a_id/11990/supporthub/publishing/,Why is there is a gap in submission numbers I am receiving to handle as an Editor in EVISE?
263,https://service.elsevier.com/app/answers/detail/a_id/29893/supporthub/publishing/,How can an Editor act on behalf of other users in Editorial Manager?
264,https://service.elsevier.com/app/answers/detail/a_id/22060/supporthub/publishing/,How can I edit a submission's taxonomy as an Editor in EVISE?
265,https://service.elsevier.com/app/answers/detail/a_id/26705/supporthub/publishing/,How do EVISE automated reminders work?
266,https://service.elsevier.com/app/answers/detail/a_id/14314/supporthub/publishing/,What can I do if I encounter issues submitting my research data with my article?
267,https://service.elsevier.com/app/answers/detail/a_id/11943/supporthub/publishing/,How do Editors send accepted submissions to Production in EVISE?
268,https://service.elsevier.com/app/answers/detail/a_id/29504/supporthub/publishing/,Video Guide: Reviewer Invitation in Editorial Manager
269,https://service.elsevier.com/app/answers/detail/a_id/28529/supporthub/publishing/,How do Editors edit a submission in EES?
270,https://service.elsevier.com/app/answers/detail/a_id/29868/supporthub/publishing/,How do I submit an Early Decision in Editorial Manager?
271,https://service.elsevier.com/app/answers/detail/a_id/29501/supporthub/publishing/,Video Guide: Invite New Reviewers in Editorial Manager
272,https://service.elsevier.com/app/answers/detail/a_id/29892/supporthub/publishing/,What do the Color-coded Editor Signposts mean in Editorial Manager
273,https://service.elsevier.com/app/answers/detail/a_id/29603/supporthub/publishing/,Spanish Video Guide: Manuscript Submission in Editorial Manager
274,https://service.elsevier.com/app/answers/detail/a_id/29866/supporthub/publishing/,How do I draft and send an Author Decision Letter in Editorial Manager?
275,https://service.elsevier.com/app/answers/detail/a_id/29226/supporthub/publishing/,How does the Corresponding Editor function work?
276,https://service.elsevier.com/app/answers/detail/a_id/29604/supporthub/publishing/,Spanish Video Guide: Making a Decision in Editorial Manager
277,https://service.elsevier.com/app/answers/detail/a_id/28965/supporthub/publishing/,How do I redeem my Open Access vouchers from my Elsevier reviews profile?
278,https://service.elsevier.com/app/answers/detail/a_id/27675/supporthub/publishing/,I believe I’ve identified a harmful error in an Elsevier product. How can I let Elsevier know?
279,https://service.elsevier.com/app/answers/detail/a_id/5117/supporthub/publishing/,How do I clear my cache and all cookies?
280,https://www.mendeley.com/guides/mendeley-reference-manager,Mendeley Reference Manager
281,https://www.mendeley.com/guides/mendeley-cite,Mendeley Cite
282,https://www.mendeley.com/guides/desktop,Desktop
283,https://www.mendeley.com/guides/web,Web
284,https://www.mendeley.com/guides/ios,iOS
285,https://www.mendeley.com/guides/android,Android
286,https://www.mendeley.com/guides/using-citation-editor,Citation Plugin
287,https://www.mendeley.com/guides/groups,Groups
288,https://www.mendeley.com/guides/private-groups,Private Groups
289,https://www.mendeley.com/guides/csl-editor,CSL Editor
290,https://www.mendeley.com/guides/download-mendeley-desktop/windows/instructions,Installation Guides
291,https://www.mendeley.com/guides/information-for-publishers,Information for Publishers
292,https://youtube.com/watch?v=Gv6_HuCYExM,Getting Started with Mendeley (5:37)
293,https://youtube.com/watch?v=qRiAIaqdAOg,How to import your documents (2:05)
294,https://youtube.com/watch?v=VD1z0boSpQY,How to organize your documents (3:10)
295,https://youtube.com/watch?v=zkrVbBSrK_w,How to generate citations (2:11)
296,https://youtube.com/watch?v=XKAcQTea7E8,How to find articles quickly (3:24)
297,https://youtube.com/watch?v=BzREf4RJ25w,How to remove duplicates (0:49)
298,https://youtube.com/watch?v=0-p2XHRm-UE,How to merge duplicates (1:05)
299,https://youtube.com/watch?v=47NOI5HQ5m4,How to create and use groups (2:57)
300,https://www.mendeley.com/guides/citation-guides,Citation Guide
301,https://www.mendeley.com/guides/web-importer,web importer
302,https://service.elsevier.com/app/answers/detail/a_id/29758/supporthub/mendeley/p/16075//session/L3RpbWUvMTU4NTEzMDkyOS9nZW4vMTU4NTEzMDkyOS9zaWQvZlVLajR2d2lNd3MzMnpCRFFZRWUzRHJNUWs1NnczUFJua2JEaDM2VDN1aVFrNmtNRWxuc1FjWGR2WDJFYzZvSk1vYUUzZm01dXFUX1BwWXpCNmNPdW9jWVhqaG9QODJ0N2U5NWQ4VWc3anhZQWVaWVZBX3dQclpnJTIxJTIx,Mendeley Reference Manager: Known issues when working offline
303,https://service.elsevier.com/app/answers/detail/a_id/29165/supporthub/mendeley/p/16075//session/L3RpbWUvMTU4NTEzMDkyOS9nZW4vMTU4NTEzMDkyOS9zaWQvZlVLajR2d2lNd3MzMnpCRFFZRWUzRHJNUWs1NnczUFJua2JEaDM2VDN1aVFrNmtNRWxuc1FjWGR2WDJFYzZvSk1vYUUzZm01dXFUX1BwWXpCNmNPdW9jWVhqaG9QODJ0N2U5NWQ4VWc3anhZQWVaWVZBX3dQclpnJTIxJTIx,What can I do if I’m having trouble signing in to Mendeley Web Importer?
304,https://service.elsevier.com/app/answers/detail/a_id/19611/supporthub/mendeley/p/16075//session/L3RpbWUvMTU4NTEzMDkyOS9nZW4vMTU4NTEzMDkyOS9zaWQvZlVLajR2d2lNd3MzMnpCRFFZRWUzRHJNUWs1NnczUFJua2JEaDM2VDN1aVFrNmtNRWxuc1FjWGR2WDJFYzZvSk1vYUUzZm01dXFUX1BwWXpCNmNPdW9jWVhqaG9QODJ0N2U5NWQ4VWc3anhZQWVaWVZBX3dQclpnJTIxJTIx,How do I check for and Merge duplicates in Mendeley Desktop?
305,https://service.elsevier.com/app/answers/detail/a_id/23237/supporthub/mendeley/p/16075//session/L3RpbWUvMTU4NTEzMDkyOS9nZW4vMTU4NTEzMDkyOS9zaWQvZlVLajR2d2lNd3MzMnpCRFFZRWUzRHJNUWs1NnczUFJua2JEaDM2VDN1aVFrNmtNRWxuc1FjWGR2WDJFYzZvSk1vYUUzZm01dXFUX1BwWXpCNmNPdW9jWVhqaG9QODJ0N2U5NWQ4VWc3anhZQWVaWVZBX3dQclpnJTIxJTIx,What can I do if I'm having issues with the Word Plugin?
306,https://service.elsevier.com/app/answers/detail/a_id/19574/supporthub/mendeley/p/16075//session/L3RpbWUvMTU4NTEzMDkyOS9nZW4vMTU4NTEzMDkyOS9zaWQvZlVLajR2d2lNd3MzMnpCRFFZRWUzRHJNUWs1NnczUFJua2JEaDM2VDN1aVFrNmtNRWxuc1FjWGR2WDJFYzZvSk1vYUUzZm01dXFUX1BwWXpCNmNPdW9jWVhqaG9QODJ0N2U5NWQ4VWc3anhZQWVaWVZBX3dQclpnJTIxJTIx,How do I enable cookies to allow sign in for Mendeley Web Importer?
307,https://service.elsevier.com/app/answers/detail/a_id/22087/supporthub/mendeley/p/16075//session/L3RpbWUvMTU4NTEzMDkyOS9nZW4vMTU4NTEzMDkyOS9zaWQvZlVLajR2d2lNd3MzMnpCRFFZRWUzRHJNUWs1NnczUFJua2JEaDM2VDN1aVFrNmtNRWxuc1FjWGR2WDJFYzZvSk1vYUUzZm01dXFUX1BwWXpCNmNPdW9jWVhqaG9QODJ0N2U5NWQ4VWc3anhZQWVaWVZBX3dQclpnJTIxJTIx,How do I fully uninstall the Word Plugin?
308,https://service.elsevier.com/app/answers/detail/a_id/18122/supporthub/mendeley/p/16075//session/L3RpbWUvMTU4NTEzMDkyOS9nZW4vMTU4NTEzMDkyOS9zaWQvZlVLajR2d2lNd3MzMnpCRFFZRWUzRHJNUWs1NnczUFJua2JEaDM2VDN1aVFrNmtNRWxuc1FjWGR2WDJFYzZvSk1vYUUzZm01dXFUX1BwWXpCNmNPdW9jWVhqaG9QODJ0N2U5NWQ4VWc3anhZQWVaWVZBX3dQclpnJTIxJTIx,How do I install the citation plugin?
309,https://service.elsevier.com/app/answers/detail/a_id/19601/supporthub/mendeley/p/16075//session/L3RpbWUvMTU4NTEzMDkyOS9nZW4vMTU4NTEzMDkyOS9zaWQvZlVLajR2d2lNd3MzMnpCRFFZRWUzRHJNUWs1NnczUFJua2JEaDM2VDN1aVFrNmtNRWxuc1FjWGR2WDJFYzZvSk1vYUUzZm01dXFUX1BwWXpCNmNPdW9jWVhqaG9QODJ0N2U5NWQ4VWc3anhZQWVaWVZBX3dQclpnJTIxJTIx,"Mendeley can't connect to the internet, what should I do?"
310,https://service.elsevier.com/app/answers/detail/a_id/27743/supporthub/mendeley/p/16075//session/L3RpbWUvMTU4NTEzMDkyOS9nZW4vMTU4NTEzMDkyOS9zaWQvZlVLajR2d2lNd3MzMnpCRFFZRWUzRHJNUWs1NnczUFJua2JEaDM2VDN1aVFrNmtNRWxuc1FjWGR2WDJFYzZvSk1vYUUzZm01dXFUX1BwWXpCNmNPdW9jWVhqaG9QODJ0N2U5NWQ4VWc3anhZQWVaWVZBX3dQclpnJTIxJTIx,How can I export my library?
311,https://service.elsevier.com/app/answers/detail/a_id/18117/supporthub/mendeley/p/16075//session/L3RpbWUvMTU4NTEzMDkyOS9nZW4vMTU4NTEzMDkyOS9zaWQvZlVLajR2d2lNd3MzMnpCRFFZRWUzRHJNUWs1NnczUFJua2JEaDM2VDN1aVFrNmtNRWxuc1FjWGR2WDJFYzZvSk1vYUUzZm01dXFUX1BwWXpCNmNPdW9jWVhqaG9QODJ0N2U5NWQ4VWc3anhZQWVaWVZBX3dQclpnJTIxJTIx,What browsers and operating systems are supported for Mendeley products?
312,https://service.elsevier.com/app/answers/detail/a_id/28824/supporthub/mendeley/p/16075/,Does Mendeley Cite work with Google Docs?
313,https://service.elsevier.com/app/answers/detail/a_id/28974/supporthub/mendeley/p/16075/,How do I install Mendeley Web Importer?
314,https://service.elsevier.com/app/answers/detail/a_id/27902/supporthub/mendeley/p/16075/,What should I do if I have a query about my privacy?
315,https://service.elsevier.com/app/answers/detail/a_id/18292/supporthub/mendeley/p/16075/,How can I change my email or personal details?
316,https://service.elsevier.com/app/answers/detail/a_id/18124/supporthub/mendeley/p/16075/,How do I remove the Mendeley code from a document?
317,https://service.elsevier.com/app/answers/detail/a_id/25995/supporthub/mendeley/p/16075/,What can I do if Mendeley Desktop crashes?
318,https://service.elsevier.com/app/answers/detail/a_id/28684/supporthub/mendeley/p/16075/,Which versions of MS Word will Mendeley Cite work with?
319,https://service.elsevier.com/app/answers/detail/a_id/18150/supporthub/mendeley/p/16075/,How can I add an institution or organization as an author?
320,https://service.elsevier.com/app/answers/detail/a_id/18116/supporthub/mendeley/p/16075/,How do I install Mendeley Desktop?
321,https://service.elsevier.com/app/answers/detail/a_id/18153/supporthub/mendeley/p/16075/,How do I create or restore a backup of my Mendeley database?
322,https://service.elsevier.com/app/answers/detail/a_id/18123/supporthub/mendeley/p/16075/,How do I use the citation plugin?
323,https://service.elsevier.com/app/answers/detail/a_id/29416/supporthub/mendeley/p/16075/,How do I use the Elsevier PDF reader?
324,https://service.elsevier.com/app/answers/detail/a_id/18154/supporthub/mendeley/p/16075/,How do I change the bibliography’s language?
325,https://service.elsevier.com/app/answers/detail/a_id/18155/supporthub/mendeley/p/16075/,Is Mendeley Desktop supported in Mac OS 10.14 Mojave?
326,https://service.elsevier.com/app/answers/detail/a_id/26107/supporthub/mendeley/p/16075/,What Citation Styles are available in Mendeley?
327,https://service.elsevier.com/app/answers/detail/a_id/28676/supporthub/mendeley/p/16075/,How do I remove a citation from my document with Mendeley Cite?
328,https://service.elsevier.com/app/answers/detail/a_id/22090/supporthub/mendeley/p/16075/,What should I do if my Mendeley Word Plugin has disappeared?
329,https://service.elsevier.com/app/answers/detail/a_id/18290/supporthub/mendeley/p/16075/,How do I delete my Mendeley account?
330,https://service.elsevier.com/app/answers/detail/a_id/23217/supporthub/mendeley/p/16075/,What can I do if I am having Sync issues with Mendeley Desktop?
331,https://service.elsevier.com/app/answers/detail/a_id/28665/supporthub/mendeley/p/16075/,How do I delete a highlight in Mendeley Reference Manager?
332,https://service.elsevier.com/app/answers/detail/a_id/14948/supporthub/mendeley/p/16075/,What are Mendeley Groups?
333,https://service.elsevier.com/app/answers/detail/a_id/21582/supporthub/mendeley/p/16075/,How do I create a Mendeley account and sign in/out?
334,https://service.elsevier.com/app/answers/detail/a_id/24038/supporthub/mendeley/p/16075/,What can I do if the Mendeley Catalogue is displaying wrong metadata?
335,https://service.elsevier.com/app/answers/detail/a_id/28674/supporthub/mendeley/p/16075/,How do I install Mendeley Cite into Word?
336,https://service.elsevier.com/app/answers/detail/a_id/28828/supporthub/mendeley/p/16075/,Can I still use Mendeley Desktop if I install Mendeley Reference Manager?
337,https://service.elsevier.com/app/answers/detail/a_id/18187/supporthub/mendeley/p/16075/,Mendeley Web keyboard shortcuts
338,https://service.elsevier.com/app/answers/detail/a_id/18228/supporthub/mendeley/p/16075/,How can I share notes and annotations with others?
339,https://service.elsevier.com/app/answers/detail/a_id/29208/supporthub/mendeley/p/16075/,How do I join a Mendeley Group?
340,https://service.elsevier.com/app/answers/detail/a_id/28668/supporthub/mendeley/p/16075/,How do I edit or merge a citation from my document with Mendeley Cite?
341,https://service.elsevier.com/app/answers/detail/a_id/19533/supporthub/mendeley/p/16075/,How do I download a full PDF I've seen in Mendeley?
342,https://service.elsevier.com/app/answers/detail/a_id/22175/supporthub/mendeley/p/16075/,How do Mendeley document types and fields map to their Citation Style Language (CSL) equivalents
343,https://service.elsevier.com/app/answers/detail/a_id/29378/supporthub/mendeley/p/16075/,Is Mendeley Web Importer available for Safari?
344,https://service.elsevier.com/app/answers/detail/a_id/19620/supporthub/mendeley/p/16075/,What can I do if the link between Mendeley Desktop and my PDF files has been lost?
345,https://service.elsevier.com/app/answers/detail/a_id/27877/supporthub/mendeley/p/16075/,How do I create or edit Citation Styles?
346,https://service.elsevier.com/app/answers/detail/a_id/19618/supporthub/mendeley/p/16075/,Why aren't my files being uploaded to my Web library or other devices?
347,https://service.elsevier.com/app/answers/detail/a_id/22094/supporthub/mendeley/p/16075/,How can I migrate data from one PC to another?
348,https://service.elsevier.com/app/answers/detail/a_id/18225/supporthub/mendeley/p/16075/,How do I change the Group type?
349,https://service.elsevier.com/app/answers/detail/a_id/29279/supporthub/mendeley/p/16075/,Can I create new Private and Public groups from Mendeley Reference Manager?
350,https://service.elsevier.com/app/answers/detail/a_id/22092/supporthub/mendeley/p/16075/,Why am I seeing an 'Incorrect username or Password' message in Mendeley Desktop?
351,https://service.elsevier.com/app/answers/detail/a_id/18206/supporthub/mendeley/p/16075/,What do I get with a free Mendeley account?
352,https://service.elsevier.com/app/answers/detail/a_id/29572/supporthub/mendeley/p/16075/,What can I do if Mendeley Cite won’t install or load?
353,https://service.elsevier.com/app/answers/detail/a_id/22116/supporthub/mendeley/p/16075/,How can I create a backup of my database?
354,https://service.elsevier.com/app/answers/detail/a_id/28732/supporthub/mendeley/p/16075/,Can I export my references from the Mendeley Reference Manager?
355,https://service.elsevier.com/app/answers/detail/a_id/18119/supporthub/mendeley/p/16075/,How do I correct metadata in Mendeley Desktop?
356,https://service.elsevier.com/app/answers/detail/a_id/22100/supporthub/mendeley/p/16075/,How can I fully remove Mendeley Desktop from my machine?
357,https://service.elsevier.com/app/answers/detail/a_id/19539/supporthub/mendeley/p/16075/,How do I use the Web Importer?
358,https://service.elsevier.com/app/answers/detail/a_id/14949/supporthub/mendeley/p/16075/,Will I lose my Mendeley Institutional Edition (MIE) Premium plan if I change my email address?
359,https://service.elsevier.com/app/answers/detail/a_id/14950/supporthub/mendeley/p/16075/,How do I see my Stats in Mendeley?
360,https://service.elsevier.com/app/answers/detail/a_id/28420/supporthub/mendeley/p/16075/,What can I do if the icons and texts in Mendeley Desktop are too small?
361,https://service.elsevier.com/app/answers/detail/a_id/18118/supporthub/mendeley/p/16075/,How do I add a file(s) to Mendeley Desktop?
362,https://service.elsevier.com/app/answers/detail/a_id/18227/supporthub/mendeley/p/16075/,Why can't I access PDFs in my Group?
363,https://service.elsevier.com/app/answers/detail/a_id/18172/supporthub/mendeley/p/16075/,Can I have more than 100GB shared web space?
364,https://service.elsevier.com/app/answers/detail/a_id/29481/supporthub/mendeley/p/16075/,What shortcuts are available in Mendeley Reference Manager?
365,https://service.elsevier.com/app/answers/detail/a_id/22103/supporthub/mendeley/p/16075/,How do I add an institution as an author
366,https://service.elsevier.com/app/answers/detail/a_id/26708/supporthub/mendeley/p/16075/,What Mendeley Shortcuts can I use?
367,https://service.elsevier.com/app/answers/detail/a_id/27965/supporthub/mendeley/p/16075/,What can I do if I am having sync or crash issues with Mendeley’s app?
368,https://service.elsevier.com/app/answers/detail/a_id/19597/supporthub/mendeley/p/16075/,What should I do if the metadata for one of my PDFs has been extracted incorrectly?
369,https://service.elsevier.com/app/answers/detail/a_id/18207/supporthub/mendeley/p/16075/,How do I upgrade to get more personal storage space?
370,https://service.elsevier.com/app/answers/detail/a_id/29607/supporthub/mendeley/p/16075/,Why is Mendeley Web Importer Firefox extension blocked?
371,https://service.elsevier.com/app/answers/detail/a_id/18127/supporthub/mendeley/p/16075/,Why can't I see my files in Mendeley Web library?
372,https://service.elsevier.com/app/answers/detail/a_id/28679/supporthub/mendeley/p/16075/,What does Mendeley Cite do?
373,https://service.elsevier.com/app/answers/detail/a_id/18125/supporthub/mendeley/p/16075/,How can I prevent Author initials being added to my citations in Word?
374,https://service.elsevier.com/app/answers/detail/a_id/25527/supporthub/mendeley/p/16075/,How do I activate my Mendeley profile?
375,https://service.elsevier.com/app/answers/detail/a_id/14311/supporthub/mendeley/p/16075/,How can I submit my research dataset along with an Elsevier article?
376,https://service.elsevier.com/app/answers/detail/a_id/28671/supporthub/mendeley/p/16075/,How do I insert a bibliography in my document with Mendeley Cite?
377,https://service.elsevier.com/app/answers/detail/a_id/28681/supporthub/mendeley/p/16075/,What is Notebook?
378,https://service.elsevier.com/app/answers/detail/a_id/26125/supporthub/mendeley/p/16075/,How do Mendeley Institutional Edition (MIE) users know when their institutional benefits are due to expire?
379,https://service.elsevier.com/app/answers/detail/a_id/28833/supporthub/mendeley/p/16075/,What is Mendeley Cite?
380,https://service.elsevier.com/app/answers/detail/a_id/18291/supporthub/mendeley/p/16075/,How do I reset my Mendeley password?
381,https://service.elsevier.com/app/answers/detail/a_id/28706/supporthub/mendeley/p/16075/,How can I add new references to my Library in Mendeley Reference Manager?
382,https://service.elsevier.com/app/answers/detail/a_id/19595/supporthub/mendeley/p/16075/,How do I generate a verbose log from Mendeley Desktop?
383,https://service.elsevier.com/app/answers/detail/a_id/26126/supporthub/mendeley/p/16075/,Mendeley Release Notes
384,https://service.elsevier.com/app/answers/detail/a_id/16289/supporthub/mendeley/p/16075/,Can I upload my own publications to Mendeley?
385,https://service.elsevier.com/app/answers/detail/a_id/14313/supporthub/mendeley/p/16075/,What are the benefits of submitting research data with an article?
386,https://service.elsevier.com/app/answers/detail/a_id/29365/supporthub/mendeley/p/16075/,Does Mendeley Desktop support OSX Catalina?
387,https://service.elsevier.com/app/answers/detail/a_id/28226/supporthub/mendeley/p/16075/,What can I do if Mendeley Importer fails to open?
388,https://service.elsevier.com/app/answers/detail/a_id/18219/supporthub/mendeley/p/16075/,Is shared web storage per group or per account?
389,https://service.elsevier.com/app/answers/detail/a_id/18217/supporthub/mendeley/p/16075/,How can I change the group owner?
390,https://service.elsevier.com/app/answers/detail/a_id/28677/supporthub/mendeley/p/16075/,Is Mendeley Cite available for LibreOffice?
391,https://service.elsevier.com/app/answers/detail/a_id/28708/supporthub/mendeley/p/16075/,How do I change the citation style used by Mendeley Cite?
392,https://service.elsevier.com/app/answers/detail/a_id/29201/supporthub/mendeley/p/16075/,Why can’t I sign in to Mendeley Reference Manager after receiving the notification 'We found multiple accounts using the email address'?
393,https://service.elsevier.com/app/answers/detail/a_id/29849/supporthub/mendeley/p/16075/,Why are my citations not in the correct order and why do they break when I insert a new citation?
394,https://service.elsevier.com/app/answers/detail/a_id/29606/supporthub/mendeley/p/16075/,Why is Web Importer failing to retrieve the PDF full text I want?
395,https://service.elsevier.com/app/answers/detail/a_id/28743/supporthub/mendeley/p/16075/,How do I access Notebook?
396,https://service.elsevier.com/app/answers/detail/a_id/29237/supporthub/mendeley/p/16075/,Why does Mendeley Cite not load when I open it and just show a blank page in the add-in window?
397,https://service.elsevier.com/app/answers/detail/a_id/28899/supporthub/mendeley/p/16075/,When will my job ad go live?
398,https://service.elsevier.com/app/answers/detail/a_id/28688/supporthub/mendeley/p/16075/,Will my Watched Folder work with Mendeley Reference Manager?
399,https://service.elsevier.com/app/answers/detail/a_id/29390/supporthub/mendeley/p/16075/,Why does Mendeley Cite no longer recognise previous citations that I have made and my bibliography only show new citations?
400,https://service.elsevier.com/app/answers/detail/a_id/16269/supporthub/mendeley/p/16075/,What is the co-author list?
401,https://service.elsevier.com/app/answers/detail/a_id/26031/supporthub/mendeley/p/16075/,What can I do if I received another author's Stats (CiteAlert) email?
402,https://service.elsevier.com/app/answers/detail/a_id/18210/supporthub/mendeley/p/16075/,How do I cancel a recurring payment for personal storage?
403,https://service.elsevier.com/app/answers/detail/a_id/28735/supporthub/mendeley/p/16075/,Can I use documents containing citations made with the citation plugin available with Mendeley Desktop with Mendeley Cite?
404,https://service.elsevier.com/app/answers/detail/a_id/28838/supporthub/mendeley/p/16075/,Can I export annotations made on PDFs in Mendeley Desktop?
405,https://service.elsevier.com/app/answers/detail/a_id/28030/supporthub/mendeley/p/16075/,How do I get the full text of articles I see on the Feed?
406,https://service.elsevier.com/app/answers/detail/a_id/28831/supporthub/mendeley/p/16075/,Do I need to create a new account to use Mendeley Reference Manager?
407,https://service.elsevier.com/app/answers/detail/a_id/29251/supporthub/mendeley/p/16075/,How can I search for references in a group using Mendeley Reference Manager?
408,https://service.elsevier.com/app/answers/detail/a_id/29278/supporthub/mendeley/p/16075/,How do I search for references in Mendeley Reference Manager?
409,https://service.elsevier.com/app/answers/detail/a_id/28011/supporthub/mendeley/p/16075/,What is Mendeley Feed?
410,https://service.elsevier.com/app/answers/detail/a_id/28023/supporthub/mendeley/p/16075/,How do I get citation updates?
411,https://service.elsevier.com/app/answers/detail/a_id/28026/supporthub/mendeley/p/16075/,What happens when I like a Feed item?
412,https://service.elsevier.com/app/answers/detail/a_id/28829/supporthub/mendeley/p/16075/,Can I still use the web importer with Mendeley Reference Manager?
413,https://service.elsevier.com/app/answers/detail/a_id/29353/supporthub/mendeley/p/16075/,What can I do if an institution is not available in the list of institutions’ field?
414,https://service.elsevier.com/app/answers/detail/a_id/28682/supporthub/mendeley/p/16075/,Where are my folders in Mendeley Reference Manager?
415,https://service.elsevier.com/app/answers/detail/a_id/29374/supporthub/mendeley/p/16075/,What can I do when my dataset exceeds the 10GB per dataset limit?
416,https://service.elsevier.com/app/answers/detail/a_id/29437/supporthub/mendeley/p/16075/,How do I request a refund?
417,https://service.elsevier.com/app/answers/detail/a_id/18212/supporthub/mendeley/p/16075/,How do I add or remove users from the Mendeley Institutional Edition group?
418,https://service.elsevier.com/app/answers/detail/a_id/18101/supporthub/mendeley/p/16075/,How does the Mendeley Social profile benefit researchers?
419,https://service.elsevier.com/app/answers/detail/a_id/18224/supporthub/mendeley/p/16075/,How do I get more collaborators in a group?
420,https://service.elsevier.com/app/answers/detail/a_id/18294/supporthub/mendeley/p/16075/,What should I do if I’m being asked to confirm my account when trying to sign in?
421,https://service.elsevier.com/app/answers/detail/a_id/18330/supporthub/mendeley/p/16075/,Can I apply for opportunities through Mendeley Funding?
422,https://service.elsevier.com/app/answers/detail/a_id/18331/supporthub/mendeley/p/16075/,What types of funding data can I find on the Mendeley Funding module?
423,https://service.elsevier.com/app/answers/detail/a_id/18335/supporthub/mendeley/p/16075/,What sort of curation is performed on the Mendeley Funding data?
424,https://service.elsevier.com/app/answers/detail/a_id/18338/supporthub/mendeley/p/16075/,Why can't I find a funder in Mendeley Funding?
425,https://service.elsevier.com/app/answers/detail/a_id/22097/supporthub/mendeley/p/16075/,Why can I not see the Advance Search feature anymore?
426,https://service.elsevier.com/app/answers/detail/a_id/28012/supporthub/mendeley/p/16075/,Can I edit a post on Mendeley Feed?
427,https://service.elsevier.com/app/answers/detail/a_id/28016/supporthub/mendeley/p/16075/,How can I follow someone?
428,https://service.elsevier.com/app/answers/detail/a_id/28019/supporthub/mendeley/p/16075/,How can I unfollow someone?
429,https://service.elsevier.com/app/answers/detail/a_id/28021/supporthub/mendeley/p/16075/,How do I know who is following me?
430,https://service.elsevier.com/app/answers/detail/a_id/28024/supporthub/mendeley/p/16075/,How do I unfollow co-authors?
431,https://service.elsevier.com/app/answers/detail/a_id/28027/supporthub/mendeley/p/16075/,What happens when I share a Feed item?
432,https://service.elsevier.com/app/answers/detail/a_id/28028/supporthub/mendeley/p/16075/,Who can see my comments on a Feed item?
433,https://service.elsevier.com/app/answers/detail/a_id/28029/supporthub/mendeley/p/16075/,How can I filter the Feed?
434,https://service.elsevier.com/app/answers/detail/a_id/28670/supporthub/mendeley/p/16075/,How do I favorite a reference in Mendeley Reference Manager?
435,https://service.elsevier.com/app/answers/detail/a_id/28672/supporthub/mendeley/p/16075/,How do I insert a citation into my document with Mendeley Cite?
436,https://service.elsevier.com/app/answers/detail/a_id/28673/supporthub/mendeley/p/16075/,How do I insert citations into my document using Mendeley?
437,https://service.elsevier.com/app/answers/detail/a_id/28678/supporthub/mendeley/p/16075/,What document types are supported by the Mendeley Reference Manager reader?
438,https://service.elsevier.com/app/answers/detail/a_id/28680/supporthub/mendeley/p/16075/,What is Mendeley Cite?
439,https://service.elsevier.com/app/answers/detail/a_id/28686/supporthub/mendeley/p/16075/,Why is the citation style I want to use not available in Mendeley Cite?
440,https://service.elsevier.com/app/answers/detail/a_id/28687/supporthub/mendeley/p/16075/,Will I have to create a new library to use Mendeley Reference Manager?
441,https://service.elsevier.com/app/answers/detail/a_id/28689/supporthub/mendeley/p/16075/,Will the citation plugin available with Mendeley Desktop still work?
442,https://service.elsevier.com/app/answers/detail/a_id/28697/supporthub/mendeley/p/16075/,Can I cancel my import while it's uploading in Mendeley Reference Manager?
443,https://service.elsevier.com/app/answers/detail/a_id/28730/supporthub/mendeley/p/16075/,Can I edit my sticky notes?
444,https://service.elsevier.com/app/answers/detail/a_id/28742/supporthub/mendeley/p/16075/,How are my Notebook pages ordered?
445,https://service.elsevier.com/app/answers/detail/a_id/28745/supporthub/mendeley/p/16075/,How do I add highlights to a page in Notebook?
446,https://service.elsevier.com/app/answers/detail/a_id/28747/supporthub/mendeley/p/16075/,How do I create a sticky note in Mendeley Reference Manager?
447,https://service.elsevier.com/app/answers/detail/a_id/28755/supporthub/mendeley/p/16075/,Can I cite?
448,https://service.elsevier.com/app/answers/detail/a_id/28827/supporthub/mendeley/p/16075/,How do I add a highlight in Mendeley Reference Manager?
449,https://service.elsevier.com/app/answers/detail/a_id/29137/supporthub/mendeley/p/16075/,Why does Mendeley Reference Manager fail to update?
450,https://service.elsevier.com/app/answers/detail/a_id/29254/supporthub/mendeley/p/16075/,Why can’t I access my group settings in Mendeley Reference Manager?
451,https://service.elsevier.com/app/answers/detail/a_id/29476/supporthub/mendeley/p/16075/,How can I delete a reference?
452,https://service.elsevier.com/app/answers/detail/a_id/18099/supporthub/mendeley/p/16075/,How are media mentions shown in Mendeley?
453,https://service.elsevier.com/app/answers/detail/a_id/18297/supporthub/mendeley/p/16075/,What should I do if I receive a message saying my account doesn't have a password when I enter my email address?
454,https://service.elsevier.com/app/answers/detail/a_id/26124/supporthub/mendeley/p/16075/,How does the alumni policy in Mendeley Institutional Edition (MIE) work?
455,https://service.elsevier.com/app/answers/detail/a_id/18100/supporthub/mendeley/p/16075/,Can I hide or remove a media mention from my Mendeley profile?
456,https://service.elsevier.com/app/answers/detail/a_id/18333/supporthub/mendeley/p/16075/,Why are some of the data elements in Mendeley Funding missing?
457,https://service.elsevier.com/app/answers/detail/a_id/28018/supporthub/mendeley/p/16075/,What is the relationship between public groups and Feed?
458,https://service.elsevier.com/app/answers/detail/a_id/28020/supporthub/mendeley/p/16075/,How do I know who I am following?
459,https://service.elsevier.com/app/answers/detail/a_id/28032/supporthub/mendeley/p/16075/,What can I do if there’s a bug in the software?
460,https://service.elsevier.com/app/answers/detail/a_id/28675/supporthub/mendeley/p/16075/,How do I organize my references in to collections in Mendeley Reference Manager?
461,https://service.elsevier.com/app/answers/detail/a_id/28746/supporthub/mendeley/p/16075/,How do I create a new page in Notebook?
462,https://service.elsevier.com/app/answers/detail/a_id/28826/supporthub/mendeley/p/16075/,Can I work on multiple PDFs at the same time?
463,https://service.elsevier.com/app/answers/detail/a_id/29062/supporthub/mendeley/p/16075/,Why can’t I find the reference I saved to a collection (folder)?
464,https://service.elsevier.com/app/answers/detail/a_id/29153/supporthub/mendeley/p/16075/,How do I import local files using Web Importer?
465,https://service.elsevier.com/app/answers/detail/a_id/29247/supporthub/mendeley/p/16075/,Why can I not see my Notebook in my Private Group?
466,https://service.elsevier.com/app/answers/detail/a_id/29249/supporthub/mendeley/p/16075/,Can I add references to a group in Mendeley Reference Manager?
467,https://service.elsevier.com/app/answers/detail/a_id/29294/supporthub/mendeley/p/16075/,Why do I get an error saying Web Importer extension is corrupted on Firefox?
468,https://service.elsevier.com/app/answers/detail/a_id/29427/supporthub/mendeley/p/16075/,How do I sign out of Mendeley Cite having used it on a shared computer?
469,https://service.elsevier.com/app/answers/detail/a_id/18391/supporthub/mendeley/p/16075/,How is the usage data of researchers used in Mendeley Institutional Edition?
470,https://service.elsevier.com/app/answers/detail/a_id/26682/supporthub/mendeley/p/16075/,How do group owners and administrators in a Mendeley Institutional Group (MIE) access their institutional analytics on E-PIC?
471,https://service.elsevier.com/app/answers/detail/a_id/18332/supporthub/mendeley/p/16075/,What data sources are used for Mendeley Funding?
472,https://service.elsevier.com/app/answers/detail/a_id/18340/supporthub/mendeley/p/16075/,How can I search for opportunities across different funders in Mendeley Funding?
473,https://service.elsevier.com/app/answers/detail/a_id/18344/supporthub/mendeley/p/16075/,How can I change the data that is published on Mendeley Funding?
474,https://service.elsevier.com/app/answers/detail/a_id/19576/supporthub/mendeley/p/16075/,"The page refreshes whenever I try to sign up, how can I fix this?"
475,https://service.elsevier.com/app/answers/detail/a_id/22115/supporthub/mendeley/p/16075/,What can I do if exporting library sets an institution author as a person by default?
476,https://service.elsevier.com/app/answers/detail/a_id/28014/supporthub/mendeley/p/16075/,Who sees my Feed posts and updates?
477,https://service.elsevier.com/app/answers/detail/a_id/28669/supporthub/mendeley/p/16075/,How do I edit the metadata of a reference in Mendeley Reference Manager?
478,https://service.elsevier.com/app/answers/detail/a_id/28729/supporthub/mendeley/p/16075/,Can I create multiple pages in Notebook?
479,https://service.elsevier.com/app/answers/detail/a_id/28731/supporthub/mendeley/p/16075/,Can I export my Notebook page?
480,https://service.elsevier.com/app/answers/detail/a_id/28832/supporthub/mendeley/p/16075/,Does Mendeley Cite work with Mendeley Desktop or do I need to download the new Mendeley Reference Manager?
481,https://service.elsevier.com/app/answers/detail/a_id/29202/supporthub/mendeley/p/16075/,"Why does Mendeley Cite show a blank screen after signing into my account, causing the add-in to not load up?"
482,https://service.elsevier.com/app/answers/detail/a_id/29244/supporthub/mendeley/p/16075/,Will my previously shared annotations be available in my Mendeley Reference Manager groups?
483,https://service.elsevier.com/app/answers/detail/a_id/29248/supporthub/mendeley/p/16075/,"Will I be able to access my existing Private, Public and Invite-only groups in Mendeley Reference Manager?"
484,https://service.elsevier.com/app/answers/detail/a_id/29250/supporthub/mendeley/p/16075/,Can I add references to my personal library from a group in Mendeley Reference Manager?
485,https://service.elsevier.com/app/answers/detail/a_id/29253/supporthub/mendeley/p/16075/,Can I add new members to a group in Mendeley Reference Manager?
486,https://service.elsevier.com/app/answers/detail/a_id/29532/supporthub/mendeley/p/16075/,How do I remove a reference from a collection?
487,https://service.elsevier.com/app/answers/detail/a_id/29533/supporthub/mendeley/p/16075/,"Can I import a BibTeX, RIS or EndNote XML file directly to a personal collection via drag and drop?"
488,https://service.elsevier.com/app/answers/detail/a_id/29753/supporthub/mendeley/p/16075/,Why has Mendeley Web Importer on Chrome been disabled and is asking me to approve notifications?
489,https://service.elsevier.com/app/answers/detail/a_id/29757/supporthub/mendeley/p/16075/,How do I configure Mendeley Web Importer for enterprise deployment?
490,https://service.elsevier.com/app/answers/detail/a_id/29851/supporthub/mendeley/p/16075/,Why does Mendeley Cite not appear in the 'References' tab in Word?
491,https://service.elsevier.com/app/answers/detail/a_id/29856/supporthub/mendeley/p/16075/,Why does Mendeley Cite not load my reference in my reference library on a document that I have previously worked on?
492,https://service.elsevier.com/app/answers/detail/a_id/29337/supporthub/mendeley/p/16075/,What do I do if the sign-in button does not work?
493,https://service.elsevier.com/app/answers/detail/a_id/18229/supporthub/mendeley/p/16075/,How can I view and post to the Group feed?
494,https://service.elsevier.com/app/answers/detail/a_id/15637/supporthub/mendeley/p/16075/,Who is Mendeley Funding aimed at?
495,https://service.elsevier.com/app/answers/detail/a_id/18169/supporthub/mendeley/p/16075/,What do all the numbers on the Mendeley Stats page mean?
496,https://service.elsevier.com/app/answers/detail/a_id/18171/supporthub/mendeley/p/16075/,What is Mendeley Suggest?
497,https://service.elsevier.com/app/answers/detail/a_id/21667/supporthub/mendeley/p/16075/,How do I remove an incorrect media mention from my stats page?
498,https://service.elsevier.com/app/answers/detail/a_id/28031/supporthub/mendeley/p/16075/,Is there a mobile app for Feed?
499,https://service.elsevier.com/app/answers/detail/a_id/28666/supporthub/mendeley/p/16075/,How do I delete a sticky note in Mendeley Reference Manager?
500,https://service.elsevier.com/app/answers/detail/a_id/28897/supporthub/mendeley/p/16075/,How can I unsubscribe from marketing emails and/or job alerts?
501,https://service.elsevier.com/app/answers/detail/a_id/29126/supporthub/mendeley/p/16075/,"My Web Importer looks different to others’, what happened?"
502,https://service.elsevier.com/app/answers/detail/a_id/29180/supporthub/mendeley/p/16075/,What can I do if my selected collections aren’t remembered by Web Importer?
503,https://service.elsevier.com/app/answers/detail/a_id/29245/supporthub/mendeley/p/16075/,Will I be able to create new annotations in Mendeley Reference Manager groups?
504,https://service.elsevier.com/app/answers/detail/a_id/29475/supporthub/mendeley/p/16075/,How do I restore a reference?
505,https://service.elsevier.com/app/answers/detail/a_id/29477/supporthub/mendeley/p/16075/,Are my general notes available in Mendeley Reference Manager?
506,https://service.elsevier.com/app/answers/detail/a_id/28017/supporthub/mendeley/p/16075/,How can I restrict who sees my updates on Feed?
507,https://service.elsevier.com/app/answers/detail/a_id/28025/supporthub/mendeley/p/16075/,How do I stop getting citation updates from someone without unfollowing them?
508,https://service.elsevier.com/app/answers/detail/a_id/28696/supporthub/mendeley/p/16075/,Can I add highlights from more than one PDF to a Notebook page?
509,https://service.elsevier.com/app/answers/detail/a_id/28898/supporthub/mendeley/p/16075/,"How can I find feedback or progress on my job application, or contact the recruiter?"
510,https://service.elsevier.com/app/answers/detail/a_id/29203/supporthub/mendeley/p/16075/,Why does Mendeley Cite say 'There are no citations in this document' even though there are?
511,https://service.elsevier.com/app/answers/detail/a_id/29847/supporthub/mendeley/p/16075/,How do I remove the Mendeley code from a document in Mendeley Cite?
512,https://service.elsevier.com/app/answers/detail/a_id/29850/supporthub/mendeley/p/16075/,Why are my citations not recognised when I select them in the document?
513,https://service.elsevier.com/app/answers/detail/a_id/29876/supporthub/mendeley/p/16075/,What are the differences between Stable and BETA and how do I switch?
514,https://service.elsevier.com/app/answers/detail/a_id/28900/supporthub/mendeley/p/16075/,How do I get access to jobseekers CV’s on Mendeley Careers?
515,https://service.elsevier.com/app/answers/detail/a_id/28015/supporthub/mendeley/p/16075/,What does following mean?
516,https://service.elsevier.com/app/answers/detail/a_id/29617/supporthub/mendeley/p/16075/,What is a Mendeley Advisor?
517,https://service.elsevier.com/app/answers/detail/a_id/29751/supporthub/mendeley/p/16075/,Why does Mendeley Web Importer need permission to access data for all web sites?
518,https://service.elsevier.com/app/answers/detail/a_id/18336/supporthub/mendeley/p/16075/,What is the data coverage on Mendeley Funding?
519,https://service.elsevier.com/app/answers/detail/a_id/18342/supporthub/mendeley/p/16075/,What's the scope of the 'awarded grants' data?
520,https://service.elsevier.com/app/answers/detail/a_id/18343/supporthub/mendeley/p/16075/,How can I search for awards across different funders?
521,https://service.elsevier.com/app/answers/detail/a_id/28013/supporthub/mendeley/p/16075/,How do I post a picture to Feed?
522,https://service.elsevier.com/app/answers/detail/a_id/29252/supporthub/mendeley/p/16075/,Can I recommend references to other group members using Mendeley Reference Manager?
523,https://service.elsevier.com/app/answers/detail/a_id/18341/supporthub/mendeley/p/16075/,"I've found interesting opportunities in Mendeley Funding, what do I do next?"
524,https://service.elsevier.com/app/answers/detail/a_id/29060/supporthub/mendeley/p/16075/,"What can I do if Web Importer says PDF available but there isn’t (or if there is, it hasn’t been added to my library successfully)?"
525,https://service.elsevier.com/app/answers/detail/a_id/29715/supporthub/mendeley/p/16075/,How do I remove a reference from a collection?
526,https://service.elsevier.com/app/answers/detail/a_id/29716/supporthub/mendeley/p/16075/,"Can I import a BibTeX, RIS or EndNote XML file directly to a personal collection via drag and drop?"
527,https://service.elsevier.com/app/answers/detail/a_id/29754/supporthub/mendeley/p/16075/,What can I do if my Firefox Mendeley Web Importer extension is installed but I can't see it in my toolbar?
528,https://service.elsevier.com/app/answers/detail/a_id/29846/supporthub/mendeley/p/16075/,What should I do if I am using Mendeley Cite on a shared computer and need to sign out after use?
529,https://service.elsevier.com/app/answers/detail/a_id/28825/supporthub/mendeley/p/16075/,Can I view my existing highlights and notes in Mendeley Reference Manager?
530,https://service.elsevier.com/app/answers/detail/a_id/29589/supporthub/mendeley/p/16075/,How do I manage e-mail notifications I receive from Mendeley?
531,https://service.elsevier.com/app/answers/detail/a_id/5117/supporthub/mendeley/p/16075/,How do I clear my cache and all cookies?
